kabelnr;strtlat;strtlon;eindlat;eindlon;kab/3;Volt;;heading;length old;length;weerstand/m;resistance;conductivity old;conductivity;radians lat1;radians lon1;radians lat2;radians lon2;diff lat;dif lon;a
1;53.424940;6.874347;53.322816;6.816949;8;380;;18.6;11977.0411886263;18400.0;3.00E-05;0.255;2.78310250489808;3.93;0.932441105680419;0.119979989074595;0.930658705635113;0.118978204990535;-0.000891200022653;-0.00050089204203;8.83534997183686E-07
2;53.322816;6.816949;53.123503;6.949827;8;380;;-21.8;23862.772025473;18400.0;3.00E-05;0.255;1.39687599151309;3.93;0.930658705635113;0.118978204990535;0.927180037543085;0.121297363594;-0.001739334046014;0.001159579301733;3.50724476121194E-06
3;53.123503;6.949827;53.152180;7.138878;6;380;;75.7;13007.5385523091;21000.0;3.00E-05;0.326;2.5626165318892;3.07;0.927180037543085;0.121297363594;0.92768054561268;0.124596925998188;0.000250254034797;0.001649781202094;1.04211318607117E-06
4;53.152180;7.138878;53.126049;7.310705;6;380;;-75.8;11823.9434409089;4500.0;3.00E-05;0.326;2.81913842872468;3.07;0.92768054561268;0.124596925998188;0.927224473625841;0.127595872892012;-0.000228035993419;0.001499473446912;8.61091616733674E-07
5;53.123503;6.949827;52.873088;7.014978;8;380;;-8.9;28184.1549782115;53925.0;3.00E-05;0.749;1.18269763131456;1.34;0.927180037543085;0.121297363594;0.922809471296704;0.122434463054967;-0.002185283123191;0.000568549730483;4.8925370907928E-06
6;52.873088;7.014978;52.529782;6.189824;8;380;;55.9;67442.1726402965;53925.0;3.00E-05;0.749;0.494250585773934;1.34;0.922809471296704;0.122434463054967;0.916817651254852;0.108032808918965;-0.002995910020926;-0.007200827068001;2.80145627301654E-05
7;52.529782;6.189824;52.617055;5.808525;6;380;;-69.2;27534.219092778;32000.0;3.00E-05;0.810;1.21061480701577;1.23;0.916817651254852;0.108032808918965;0.918340852452945;0.101377885934404;0.000761600599047;-0.003327461492281;4.66949215574254E-06
8;52.617055;5.808525;52.576278;5.538661;6;380;;76.1;18782.7069449422;21000.0;3.00E-05;0.492;1.77468207490238;2.03;0.918340852452945;0.101377885934404;0.917629159543859;0.096667870601802;-0.000355846454543;-0.002355007666301;2.17290554905967E-06
9;52.576278;5.538661;52.502958;5.539959;6;380;;-0.6;8153.28460658292;16810.0;3.00E-05;0.393;4.0883318738095;2.54;0.917629159543859;0.096667870601802;0.916349484136297;0.096690524975493;-0.000639837703781;1.13271868454404E-05;4.09439694251649E-07
10;52.502958;5.539959;52.314530;5.106721;6;380;;54.7;36091.5236906144;16810.0;3.00E-05;0.393;0.923577891004962;2.54;0.916349484136297;0.096690524975493;0.913060795133349;0.089129095430737;-0.001644344501474;-0.003780714772378;8.02294973947261E-06
11;52.314530;5.106721;52.337015;5.013914;6;380;;-68.3;6784.56839871188;16810.0;3.00E-05;0.393;4.91311036670542;2.54;0.913060795133349;0.089129095430737;0.91345323241566;0.087509307711839;0.000196218641155;-0.000809893859449;2.83510539097698E-07
12;52.337015;5.013914;52.428927;4.876241;3;380;;-42.4;13847.8260931026;15200.0;3.00E-05;0.355;2.40711669176263;2.82;0.91345323241566;0.087509307711839;0.915057399437753;0.085106460570741;0.000802083511046;-0.001201423570549;1.18110315392898E-06
13;52.428927;4.876241;52.472859;4.678975;6;380;;-69.8;14232.6647854046;17000.0;3.00E-05;0.400;2.34203038123375;2.50;0.915057399437753;0.085106460570741;0.915824157484739;0.081663519368502;0.000383379023493;-0.00172147060112;1.24766232009712E-06
14;52.472859;4.678975;52.373850;4.695112;8;380;;-5.7;11063.5439070699;14310.0;3.00E-05;0.220;3.01289836360956;4.55;0.915824157484739;0.081663519368502;0.914096124445632;0.081945163149896;-0.000864016519554;0.000140821890697;7.53899086124413E-07
15;52.428927;4.876241;52.336962;5.013906;3;380;;-42.4;13851.8136571762;25176.3;3.00E-05;0.566;2.40642374769923;1.77;0.913452307391156;0.087509168085499;0.915057399437753;0.085106460570741;0.000802546023298;-0.001201353757379;1.18178346298446E-06
16;52.336962;5.013906;52.074582;4.917517;3;380;;12.7;29905.538380251;25176.3;3.00E-05;0.566;1.11462074046278;1.77;0.913452307391156;0.087509168085499;0.908872912499774;0.085826862672794;-0.002289697445691;-0.000841152706352;5.50842260266838E-06
17;52.074582;4.917517;51.914190;4.630619;3;380;;47.9;26531.6169937857;25176.3;3.00E-05;0.566;1.25636267631712;1.77;0.908872912499774;0.085826862672794;0.906073544005915;0.080819547955407;-0.001399684246929;-0.002503657358693;4.33562397720865E-06
18;52.337015;5.013914;52.160264;4.987889;3;380;;5.2;19733.5094066482;20010.0;3.00E-05;0.470;1.68917411730644;2.13;0.91345323241566;0.087509307711839;0.910368345509468;0.087055085774008;-0.001542443453096;-0.000227110968916;2.39846345384318E-06
19;52.160264;4.987889;51.914190;4.630619;3;380;;41.9;36686.3502855461;37520.0;3.00E-05;0.890;0.90860314732551;1.12;0.910368345509468;0.087055085774008;0.906073544005915;0.080819547955407;-0.002147400751776;-0.0031177689093;8.28958168364495E-06
20;51.914190;4.630619;52.036229;4.529422;8;380;;28.5;49644.4459208385;18560.0;3.00E-05;0.283;0.671441340819589;3.53;0.915057399437753;0.085106460570741;0.908203526371756;0.079053327112267;-0.003426936532998;-0.003026566729237;1.51797261538039E-05
21;52.036229;4.529422;51.975776;4.338136;8;380;;62.9;14718.1074781649;11000.0;3.00E-05;0.088;2.26478393249847;11.36;0.908203526371756;0.079053327112267;0.907148422479048;0.075714756599297;-0.000527551946354;-0.001669285256485;1.33422337609348E-06
22;51.975776;4.338136;52.015933;4.306742;8;380;;-25.7;4955.63775876604;11000.0;3.00E-05;0.088;6.72634582186116;11.36;0.907148422479048;0.075714756599297;0.907849294346772;0.075166827933926;0.000350435933862;-0.000273964332686;1.51259925887719E-07
23;52.015933;4.306742;51.982486;4.223998;6;380;;56.7;6776.42535659299;6800.0;3.00E-05;0.103;4.91901431495919;9.71;0.907849294346772;0.075166827933926;0.907265534071857;0.073722672697656;-0.000291880137457;-0.000722077618135;2.82830391899076E-07
24;51.982486;4.223998;51.959484;4.162632;8;380;;58.7;4920.7019834796;10216.0;3.00E-05;0.150;6.77410122483423;6.69;0.907265534071857;0.073722672697656;0.906864073437313;0.072651633948877;-0.000200730317272;-0.000535519374389;1.49134768194537E-07
25;51.959484;4.162632;51.955790;4.021997;8;380;;87.6;9645.50865487832;10216.0;3.00E-05;0.150;3.45583986558082;6.69;0.906864073437313;0.072651633948877;0.906799600974745;0.070197090155334;-3.22362312843438E-05;-0.001227271896771;5.73026868115515E-07
26;51.955790;4.021997;51.839252;4.265566;8;380;;-52.3;21147.7606075682;26000.0;3.00E-05;0.400;1.57621102072644;2.50;0.906799600974745;0.070197090155334;0.904765629171055;0.074448171161125;-0.001016985901845;0.002125540502895;2.75456592530172E-06
27;51.839252;4.265566;51.760648;4.587888;8;380;;-68.6;23825.2306037757;20215.0;3.00E-05;0.309;1.39907704935502;3.24;0.904765629171055;0.074448171161125;0.903393730565818;0.080073751312738;-0.000685949302619;0.002812790075807;3.49621811011869E-06
28;51.760648;4.587888;51.813679;4.747686;8;380;;61.7;12473.3332849915;20215.0;3.00E-05;0.309;2.67236772815504;3.24;0.903393730565818;0.080073751312738;0.904319296121443;0.08286275255084;0.000462782777813;0.001394500619051;9.58274018370135E-07
29;51.813679;4.747686;51.914190;4.630619;8;380;;-35.7;13766.9286766886;14835.0;3.00E-05;0.227;2.42126142410953;4.41;0.904319296121443;0.08286275255084;0.906073544005915;0.080819547955407;0.000877123942236;-0.001021602297716;1.16734372842063E-06
30;51.914190;4.630619;51.842427;4.803304;6;380;;-56.1;14289.4724459834;17010.0;3.00E-05;0.398;2.33271966192867;2.52;0.906073544005915;0.080819547955407;0.904821043374806;0.083833469774214;-0.000626250315554;0.001506960909403;1.2576419263329E-06
31;51.842427;4.803304;51.701049;4.832798;6;380;;-7.4;15850.9639094219;17010.0;3.00E-05;0.398;2.10292153359329;2.52;0.904821043374806;0.083833469774214;0.902353531784922;0.084348237183797;-0.001233755794942;0.000257383704792;1.54751878226442E-06
32;51.701049;4.832798;51.540593;4.254293;3;380;;66.2;43742.1285143581;25300.0;3.00E-05;0.619;0.762041868227603;1.61;0.902353531784922;0.084348237183797;0.899553046280342;0.074251420194547;-0.00140024275229;-0.005048408494625;1.17848190052619E-05
33;51.540593;4.254293;51.430184;4.224287;3;380;;9.6;12451.4894918365;25300.0;3.00E-05;0.619;2.67705589401072;1.61;0.899553046280342;0.074251420194547;0.897626045706507;0.073727716699194;-0.000963500286917;-0.000261851747677;9.54920623806064E-07
34;51.430184;4.224287;51.466625;3.985881;3;380;;-76.1;17010.8961292895;25300.0;3.00E-05;0.619;1.95952835641267;1.61;0.897626045706507;0.073727716699194;0.898262061139227;0.069566747042684;0.00031800771636;-0.002080484828255;1.78229227998773E-06
35;51.466625;3.985881;51.433162;3.730082;3;380;;78.2;18112.3014201307;25300.0;3.00E-05;0.619;1.84036984368454;1.61;0.898262061139227;0.069566747042684;0.897678021611632;0.065102212269375;-0.000292019763797;-0.002232267386654;2.02056013369058E-06
36;51.433162;3.730082;51.466625;3.985881;3;380;;78.0;18112.3014201307;15800.0;3.00E-05;0.387;1.84036984368454;2.59;0.897678021611632;0.065102212269375;0.898262061139227;0.069566747042684;0.000292019763797;0.002232267386654;2.02056013369058E-06
37;51.466625;3.985881;51.430184;4.224287;3;380;;-76.3;17010.8961292895;15800.0;3.00E-05;0.387;1.95952835641267;2.59;0.898262061139227;0.069566747042684;0.897626045706507;0.073727716699194;-0.00031800771636;0.002080484828255;1.78229227998773E-06
38;51.430184;4.224287;51.369835;4.247843;3;380;;66.2;6906.60788095041;15800.0;3.00E-05;0.387;4.82629590500893;2.59;0.897626045706507;0.073727716699194;0.896572756956221;0.074138846457794;-0.000526644375143;0.0002055648793;2.93801734718704E-07
39;51.701049;4.832798;51.540593;4.254293;3;380;;66.2;43742.1285143581;33500.0;3.00E-05;0.855;0.762041868227603;1.17;0.902353531784922;0.084348237183797;0.899553046280342;0.074251420194547;-0.00140024275229;-0.005048408494625;1.17848190052619E-05
40;51.540593;4.254293;51.369835;4.247843;3;380;;1.4;18992.682044182;33500.0;3.00E-05;0.855;1.75506193679183;1.17;0.899553046280342;0.074251420194547;0.896572756956221;0.074138846457794;-0.00149014466206;-5.62868683768175E-05;2.22175963619286E-06
41;51.369835;4.247843;51.322719;4.254694;4;380;;-5.2;5260.6238157035;6800.0;3.00E-05;0.240;6.33638414399256;4.17;0.896572756956221;0.074138846457794;0.895750427625852;0.074258418964848;-0.000411164665185;5.97862535270666E-05;1.70450887690685E-07
42;51.322719;4.254694;51.154687;4.246158;8;380;;1.8;18693.7533958013;22800.0;3.00E-05;0.710;1.78312683534277;1.41;0.895750427625852;0.074258418964848;0.892817715977141;0.074109437659897;-0.001466355824356;-7.44906524751121E-05;2.15237285113434E-06
43;51.154687;4.246158;51.116792;4.508993;2;380;;-77.2;18816.4709345474;21100.0;3.00E-05;0.650;1.77149761234625;1.54;0.892817715977141;0.074109437659897;0.892156323457097;0.078696773799377;-0.000330696260022;0.00229366806974;2.18072464019661E-06
44;51.116143;4.508428;51.195732;4.628061;2;380;;43.3;12162.7781946534;14100.0;3.00E-05;0.460;2.74060192497683;2.17;0.892144996270252;0.078686912689103;0.893534086368622;0.080774902433141;0.000694545049185;0.001043994872019;9.11150756929092E-07
45;51.195732;4.628061;51.107373;5.062391;2;380;;-72.2;31847.2048502511;32500.0;3.00E-05;1.010;1.0466643302001;0.99;0.893534086368622;0.080774902433141;0.891991930894852;0.088355390973328;-0.000771077736885;0.003790244270093;6.2469285254355E-06
46;51.107373;5.062391;51.158647;5.362180;2;380;;74.6;21681.2531917141;28750.0;3.00E-05;0.890;1.53742650568152;1.12;0.891991930894852;0.088355390973328;0.89288683101552;0.09358769608459;0.000447450060334;0.002616152555631;2.89529714177773E-06
47;51.158647;5.362180;51.121040;5.774052;2;380;;-81.9;29037.3517287966;28750.0;3.00E-05;0.890;1.14794674268716;1.12;0.89288683101552;0.09358769608459;0.892230465043722;0.100776218581364;-0.000328182985899;0.003594261248387;5.19323597756479E-06
48;51.121040;5.774052;51.148499;5.918134;6;380;;73.0;10506.5857567965;11000.0;3.00E-05;0.160;3.17261326418725;6.25;0.892230465043722;0.100776218581364;0.892709715003027;0.103290923874222;0.000239624979653;0.001257352646429;6.79904505974019E-07
49;51.148499;5.918134;51.434867;5.700021;6;380;;-25.4;35270.1619222716;24371.0;3.00E-05;0.567;0.945085917291601;1.77;0.892709715003027;0.103290923874222;0.897707779475378;0.09948413388282;0.002499032236176;-0.001903394995701;7.66193734571592E-06
50;51.434867;5.700021;51.446359;5.532725;6;380;;-83.6;11665.5879677275;24371.0;3.00E-05;0.567;2.85740705273912;1.77;0.897707779475378;0.09948413388282;0.897908352713018;0.096564267857403;0.00010028661882;-0.001459933012708;8.38181253014908E-07
51;51.446359;5.532725;51.701049;4.832798;9;380;;-59.4;56051.2090647309;63900.0;3.00E-05;1.470;0.594694278491624;0.68;0.897908352713018;0.096564267857403;0.902353531784922;0.084348237183797;0.002222589535952;-0.006108015336803;1.93504900229115E-05
52;51.148499;5.918134;50.912060;6.216822;3;380;;-38.6;33578.262783336;38000.0;3.00E-05;0.996;0.992705714063199;1.00;0.892709715003027;0.103290923874222;0.888583075972904;0.108504012910419;-0.002063319515061;0.002606544518098;6.94448813660142E-06
53;50.912060;6.216822;50.871952;6.456534;3;380;;-75.2;17394.8233528652;24000.0;3.00E-05;0.658;1.91627892144376;1.52;0.888583075972904;0.108504012910419;0.887883059316514;0.11268777656696;-0.000350008328195;0.00209188182827;1.86365094673759E-06
54;50.871952;6.456534;51.148499;5.918134;3;380;;-50.6;48625.2520957326;56000.0;3.00E-05;1.450;0.685514869263962;0.69;0.887883059316514;0.11268777656696;0.892709715003027;0.103290923874222;0.002413327843256;-0.004698426346369;1.45628515401127E-05
55;51.148499;5.918134;51.637665;5.909649;3;380;;-0.6;54395.9632067175;33200.0;3.00E-05;0.772;0.612790570628537;1.30;0.892709715003027;0.103290923874222;0.901247272291838;0.10314283268719;0.004268778644405;-7.40455935158632E-05;1.82244950021558E-05
56;51.637665;5.909649;51.815647;5.668981;3;380;;-39.9;25815.4907671208;33200.0;3.00E-05;0.772;1.29121439658189;1.30;0.901247272291838;0.10314283268719;0.904353644201122;0.098942383683001;0.001553185954642;-0.002100224502095;4.10473359258256E-06
57;51.815647;5.668981;51.926762;5.663534;3;380;;-1.7;12361.0824191963;33200.0;3.00E-05;0.772;2.69663547276151;1.30;0.904353644201122;0.098942383683001;0.906292966799476;0.098847315598645;0.000969661299177;-4.75340421780546E-05;9.41104102409576E-07
58;51.926762;5.663534;51.905738;5.968379;6;380;;-83.7;21038.5044309262;22700.0;3.00E-05;0.578;1.58439652603509;1.73;0.906292966799476;0.098847315598645;0.905926028777536;0.104167864556887;-0.00018346901097;0.002660274479121;2.72617751454651E-06
59;51.905738;5.968379;51.981568;6.251842;6;380;;66.4;21180.5427081973;22700.0;3.00E-05;0.578;1.57377144639606;1.73;0.905926028777536;0.104167864556887;0.907249511949324;0.109115227214467;0.000661741585894;0.00247368132879;2.76311249107838E-06
60;51.981568;6.251842;51.647022;6.680221;8;380;;-38.5;47444.43316476;46000.0;3.00E-05;0.960;0.70257627944625;1.04;0.907249511949324;0.109115227214467;0.901410582749947;0.116591851210868;-0.002919464599689;0.0037383119982;1.38641521594148E-05
61;51.981568;6.251842;52.139003;6.235947;6;380;;-3.5;17539.6684967307;29325.0;3.00E-05;0.746;1.90045401026516;1.34;0.907249511949324;0.109115227214467;0.909997271057201;0.108837807129863;0.001373879553939;-0.000138710042302;1.89481705854443E-06
62;52.139003;6.235947;52.248786;6.757987;6;380;;70.9;37618.6564829009;29325.0;3.00E-05;0.746;0.886085162251464;1.34;0.909997271057201;0.108837807129863;0.911913345869918;0.117949123956974;0.000958037406358;0.004555658413556;8.71625844096693E-06
63;52.248786;6.757987;52.477605;6.149681;6;380;;-58.1;48512.356002754;30155.0;3.00E-05;0.765;0.687110173157557;1.31;0.911913345869918;0.117949123956974;0.915906990811039;0.107332181397337;0.00199682247056;-0.005308471279818;1.44953075193752E-05
64;52.477605;6.149681;52.529782;6.189824;6;380;;25.1;6406.53660879551;30155.0;3.00E-05;0.765;5.20301925498562;1.31;0.915906990811039;0.107332181397337;0.916817651254852;0.108032808918965;0.000455330221907;0.000350313760814;2.52796691779471E-07
65;52.248786;6.757987;52.201575;7.034520;6;380;;-74.5;19553.49935267;22000.0;3.00E-05;0.606;1.70472470078773;1.65;0.911913345869918;0.117949123956974;0.911089358476759;0.122775535297392;-0.00041199369658;0.002413205670209;2.3549052627148E-06
66;52.201575;7.034520;52.281073;7.305580;4;380;;64.3;20463.8716507424;23500.0;3.00E-05;0.686;1.62888694291259;1.46;0.911089358476759;0.122775535297392;0.912476860325509;0.127506424767847;0.000693750924375;0.002365444735228;2.57928915221781E-06
67;52.281073;7.305580;52.475320;7.309452;4;380;;0.7;21600.8799147662;23500.0;3.00E-05;0.686;1.54314701368007;1.46;0.912476860325509;0.127506424767847;0.915867110037631;0.127574003916485;0.001695124856061;3.37895743186128E-05;2.87387098416972E-06
68;52.475320;7.309452;52.981009;7.258131;4;380;;-3.5;56336.1481328476;79000.0;3.00E-05;1.128;0.591686411622059;0.89;0.915867110037631;0.127574003916485;0.924693048078748;0.126678283491069;0.004412969020559;-0.000447860212708;1.95477271308181E-05
69;52.475320;7.309452;52.753240;7.276758;4;380;;-4.1;30982.0248741603;47000.0;3.00E-05;1.304;1.0758926657868;0.77;0.915867110037631;0.127574003916485;0.920717729094773;0.127003385970838;0.002425309528571;-0.000285308972824;5.91212406661884E-06
70;52.753240;7.276758;52.981009;7.258131;4;380;;-2.8;25357.6012693089;20000.0;3.00E-05;0.550;1.31453022623546;1.82;0.920717729094773;0.127003385970838;0.924693048078748;0.126678283491069;0.001987659491987;-0.000162551239884;3.96041377449862E-06
71;52.981009;7.258131;53.126049;7.310705;8;380;;12.3;16506.0600815146;18000.0;3.00E-05;0.484;2.01946031752688;2.07;0.924693048078748;0.126678283491069;0.927224473625841;0.127595872892012;0.001265712773546;0.000458794700472;1.67807512153975E-06
72;52.475320;7.309452;52.281073;7.305580;4;380;;0.7;21600.8799147662;25000.0;3.00E-05;0.739;1.54314701368007;1.35;0.915867110037631;0.127574003916485;0.912476860325509;0.127506424767847;-0.001695124856061;-3.37895743186128E-05;2.87387098416972E-06
73;52.281073;7.305580;52.177427;7.011623;4;380;;60.2;23100.8087777565;25000.0;3.00E-05;0.739;1.44295092236898;1.35;0.912476860325509;0.127506424767847;0.910667896368987;0.122375907258562;-0.000904481978261;-0.002565258754642;3.28684097941853E-06
74;52.177427;7.011623;51.694849;7.055346;4;380;;-3.2;53743.8771557403;61000.0;3.00E-05;1.784;0.620225690765465;0.56;0.910667896368987;0.122375907258562;0.902245321371298;0.123139017567412;-0.004211287498845;0.000381555154425;1.77901746116981E-05
75;52.201575;7.034520;51.694849;7.055346;4;380;;-1.5;56363.4360962234;64000.0;3.00E-05;1.890;0.591399950784172;0.53;0.911089358476759;0.122775535297392;0.902245321371298;0.123139017567412;-0.00442201855273;0.00018174113501;1.95666685525351E-05
76;51.694849;7.055346;51.625446;7.022481;16;380;;16.4;8043.32539523344;8143.3;3.00E-05;0.342;4.14422290475616;2.92;0.902245321371298;0.123139017567412;0.901034010510536;0.122565415108744;-0.000605655430381;-0.000286801229334;3.98470356146918E-07
77;51.625446;7.022481;51.679341;6.883695;8;380;;-57.9;11295.5119843087;14428.3;3.00E-05;0.342;2.95102456441451;2.92;0.901034010510536;0.122565415108744;0.901974655710899;0.120143142453071;0.000470322600181;-0.001211136327836;7.85844333817001E-07
78;51.679341;6.883695;51.647022;6.680221;8;380;;75.7;14486.8892155622;14428.3;3.00E-05;0.342;2.30093105823752;2.92;0.901974655710899;0.120143142453071;0.901410582749947;0.116591851210868;-0.000282036480476;-0.001775645621101;1.29263195944344E-06
79;53.126049;7.310705;53.331938;8.053552;6;380;;64.9;54488.812931081;57000.0;3.00E-05;1.474;0.611746366643999;0.68;0.927224473625841;0.127595872892012;0.93081791456948;0.140560998880574;0.001796720471819;0.006482562994281;1.82867633430453E-05
80;51.148499;5.918134;51.637698;5.909689;3;380;;-0.6;54399.6024595584;57900.0;3.00E-05;1.340;0.61274957584688;0.75;0.892709715003027;0.103290923874222;0.901247848250491;0.103143530818891;0.004269066623732;-7.3696527665465E-05;1.82269336154994E-05
81;51.637698;5.909689;51.815647;5.668981;3;380;;-39.9;25814.4432092243;20850.0;3.00E-05;0.485;1.29126679445181;2.06;0.901247848250491;0.103143530818891;0.904353644201122;0.098942383683001;0.001552897975316;-0.002100573567945;4.10440047065968E-06
82;51.815647;5.668981;51.926762;5.663534;3;380;;-1.7;12361.0824191963;20850.0;3.00E-05;0.485;2.69663547276151;2.06;0.904353644201122;0.098942383683001;0.906292966799476;0.098847315598645;0.000969661299177;-4.75340421780546E-05;9.41104102409576E-07
83;51.637698;5.909689;51.638478;5.912938;3;380;;68.9;240.405739237371;244.3;3.00E-05;0.007;138.65448237249;138.65;0.901247848250491;0.103143530818891;0.901261461818656;0.103200236566288;6.80678408276902E-06;2.83528736986435E-05;3.55970871061713E-10
84;51.154687;4.246158;51.116143;4.508428;2;;;-76.9;18794.5033131763;21100.0;3.00E-05;0.650;1.77356819586523;1.54;0.892817715977141;0.074109437659897;0.892144996270252;0.078686912689103;-0.000336359853444;0.002288737514603;2.17563576516879E-06
85;51.116143;4.508428;51.116792;4.508993;2;;;28.7;82.2386844633931;82.2;3.00E-05;0.002;405.324252823755;405.32;0.892144996270252;0.078686912689103;0.892156323457097;0.078696773799377;5.66359342268896E-06;4.93055513688806E-06;4.16559561476266E-11
86;51.154687;4.246158;51.195732;4.628061;2;;;80.1;27011.8034474607;35000.0;3.00E-05;1.090;1.23402842754162;0.92;0.892817715977141;0.074109437659897;0.893534086368622;0.080774902433141;0.000358185195741;0.003332732386622;4.49398180493072E-06
201;52.531523;6.188284;52.739381;6.476287;4;220;;39.9;30198.0344105092;32026.0;3.00E-05;0.651;1.10382460262821;1.54;0.916848037437129;0.108005930848485;0.92047584391374;0.113032531454106;0.001813903238305;0.002513300302811;5.61670140742639E-06
202;52.739381;6.476287;53.009730;6.522823;4;220;;5.9;30223.2377926002;32026.0;3.00E-05;0.651;1.10290411510757;1.54;0.92047584391374;0.113032531454106;0.925194324093214;0.113844737874814;0.002359240089737;0.000406103210354;5.62608073836731E-06
203;53.009730;6.522823;53.213643;6.473062;4;220;;-8.3;22916.0540251897;22710.0;3.00E-05;0.400;1.45458434059776;2.50;0.925194324093214;0.113844737874814;0.928753277330833;0.112976244585729;0.00177947661881;-0.000434246644542;3.23447653734328E-06
204;53.213643;6.473062;53.214344;6.026061;6;220;;-89.7;29764.3471090728;32480.0;3.00E-05;0.726;1.11990809713319;1.38;0.928753277330833;0.112976244585729;0.928765512088889;0.105174605376022;6.1173790282254E-06;-0.003900819604854;5.45653229283225E-06
205;53.214344;6.026061;53.189295;5.875809;6;220;;74.5;10387.9927262366;10847.0;3.00E-05;0.259;3.20883294894348;3.86;0.928765512088889;0.105174605376022;0.928328324564557;0.102552213268316;-0.000218593762166;-0.001311196053853;6.64642297360252E-07
206;53.189295;5.875809;53.144888;5.788708;6;220;;49.7;7621.88282342193;14242.5;3.00E-05;0.341;4.37337257808537;2.94;0.928328324564557;0.102552213268316;0.927553276203624;0.101032014036536;-0.000387524180467;-0.00076009961589;3.57807370390766E-07
207;53.144888;5.788708;52.971890;5.870969;6;220;;-16.0;20006.5921140433;14242.5;3.00E-05;0.341;1.6661175048366;2.94;0.927553276203624;0.101032014036536;0.924533891504259;0.102467739332519;-0.001509692349683;0.000717862647992;2.46530511992865E-06
208;52.971890;5.870969;52.617055;5.808525;6;220;;6.1;39678.6042580713;43798.0;3.00E-05;1.047;0.840083313327554;0.96;0.924533891504259;0.102467739332519;0.918340852452945;0.101377885934404;-0.003096519525657;-0.000544926699058;9.69697260265604E-06
209;53.213643;6.473062;53.286117;6.482699;8;220;;4.5;8084.20628580984;19965.0;3.00E-05;0.494;4.12326605171409;2.03;0.928753277330833;0.112976244585729;0.930018187252923;0.113144441965744;0.000632454961045;8.40986900073545E-05;4.02531168620503E-07
210;53.286117;6.482699;53.424940;6.874347;8;220;;59.1;30230.4157901174;19965.0;3.00E-05;0.494;1.10264223835884;2.03;0.930018187252923;0.113144441965744;0.932441105680419;0.119979989074595;0.001211459213748;0.003417773554425;5.6287534310585E-06
211;53.424940;6.874347;53.295302;6.838450;4;220;;9.4;14610.5832408951;12800.0;3.00E-05;0.219;2.28145124556241;4.58;0.932441105680419;0.119979989074595;0.930178495744719;0.119353468233006;-0.00113130496785;-0.000313260420794;1.31480005626735E-06
212;53.295302;6.838450;53.303259;6.956729;4;220;;83.5;7909.75321074803;12800.0;3.00E-05;0.219;4.21420649231368;4.58;0.930178495744719;0.119353468233006;0.9303173715933;0.121417826218973;6.9437924290594E-05;0.001032178992983;3.8534578205961E-07
213;53.303259;6.956729;53.295302;6.838450;4;220;;83.6;7909.75321074803;14800.0;3.00E-05;0.246;4.21420649231368;4.07;0.9303173715933;0.121417826218973;0.930178495744719;0.119353468233006;-6.9437924290594E-05;-0.001032178992983;3.8534578205961E-07
214;53.295302;6.838450;53.123503;6.949827;4;220;;-21.3;20492.5159958614;14800.0;3.00E-05;0.246;1.62661009219489;4.07;0.930178495744719;0.119353468233006;0.927180037543085;0.121297363594;-0.001499229100817;0.000971947680497;2.58651492986423E-06
215;52.617055;5.808525;52.531523;6.188284;6;;;-69.8;27368.5013376673;31410.0;3.00E-05;0.749;1.21794514511675;1.34;0.918340852452945;0.101377885934404;0.916848037437129;0.108005930848485;-0.000746407507908;0.003314022457041;4.61345367399048E-06
300;53.331938;8.053552;53.429115;8.475983;4;380;;68.7;30030.1581590474;32000.0;3.00E-05;0.816;1.10999526398734;1.22;0.93081791456948;0.140560998880574;0.93251397317669;0.147933810693067;0.000848029303605;0.003686405906246;5.5544266169763E-06
301;53.429115;8.475983;53.032375;8.563566;4;380;;-7.6;44498.9690732038;55000.0;3.00E-05;1.422;0.749081024292894;0.70;0.93251397317669;0.147933810693067;0.925589553902328;0.149462422411841;-0.003462209637181;0.000764305859387;1.21961549158117E-05
302;53.032375;8.563566;53.092278;8.694766;4;380;;52.7;11010.4072799181;15000.0;3.00E-05;0.359;3.02743872101171;2.78;0.925589553902328;0.149462422411841;0.92663505848415;0.151752294390457;0.000522752290911;0.001144935989308;7.46674738369666E-07
303;53.092278;8.694766;53.203270;8.517728;4;380;;-43.7;17079.6275368336;17079.6;3.00E-05;0.512;1.95164287168718;1.95;0.92663505848415;0.151752294390457;0.928572234327524;0.148662398389312;0.000968587921687;-0.001544948000573;1.7967238370454E-06
304;53.429115;8.475983;53.203270;8.517728;4;380;;-6.3;25265.4553699205;25265.5;3.00E-05;0.758;1.31932446280062;1.32;0.93251397317669;0.147933810693067;0.928572234327524;0.148662398389312;-0.001970869424583;0.000364293848123;3.93168295366945E-06
305;53.203270;8.517728;53.203966;8.515500;8;380;;-62.5;167.359929419465;167.4;3.00E-05;0.005;199.171530777763;199.17;0.928572234327524;0.148662398389312;0.928584381819117;0.148623512453577;6.07374579691955E-06;-1.94429678672114E-05;1.72515359113904E-10
306;53.203270;8.517728;53.565787;9.069206;8;380;;42.0;54429.5478190646;54429.5;3.00E-05;1.633;0.612412461043042;0.61;0.928572234327524;0.148662398389312;0.934899349571976;0.158287505241625;0.003163557622226;0.004812553426157;1.82470057837145E-05
307;53.565787;9.069206;53.566759;9.068569;8;380;;-21.3;115.979140803628;116.0;3.00E-05;0.003;287.408003735536;287.41;0.934899349571976;0.158287505241625;0.934916314172305;0.15827638749429;8.48230016464724E-06;-5.55887366759933E-06;8.28484852894872E-11
308;53.565787;9.069206;53.542688;9.501341;8;380;;-85.0;28660.6606630744;33000.0;3.00E-05;0.771;1.16303436704371;1.30;0.934899349571976;0.158287505241625;0.934496195968058;0.165829683804731;-0.000201576801959;0.003771089281553;5.05937022410772E-06
309;52.475320;7.309452;52.345478;8.305666;4;380;;-78.3;69096.8512322728;75000.0;3.00E-05;2.034;0.482414650434381;0.49;0.915867110037631;0.127574003916485;0.913600939630256;0.144961218270947;-0.001133085203687;0.008693607177231;2.94060746398233E-05
310;52.475320;7.309452;52.467055;7.826710;4;380;;-88.7;35048.7238809879;30500.0;3.00E-05;0.825;0.951056975612597;1.21;0.915867110037631;0.127574003916485;0.915722858574953;0.136601859098765;-7.21257313386903E-05;0.00451392759114;7.56603111869478E-06
311;52.467055;7.826710;52.277842;7.890041;4;380;;-11.6;21474.3144309324;30500.0;3.00E-05;0.825;1.55224202572534;1.21;0.915722858574953;0.136601859098765;0.912420468737377;0.137707193567346;-0.001651194918788;0.00055266723429;2.84029208143088E-06
312;52.277842;7.890041;52.284790;7.740156;8;380;;-85.6;10225.5113835374;10225.5;3.00E-05;0.307;3.25982066647526;3.26;0.912420468737377;0.137707193567346;0.912541734213806;0.135091206817994;6.06327382142724E-05;-0.001307993374676;6.44013213917137E-07
313;52.277842;7.890041;52.265925;8.103403;4;380;;-84.9;14577.8943409602;19000.0;3.00E-05;0.495;2.28656708257757;2.02;0.912420468737377;0.137707193567346;0.912212477850417;0.141431062965986;-0.00010399544348;0.00186193469932;1.30892332044909E-06
314;52.277842;7.890041;52.467055;7.826710;4;380;;-11.5;21474.3144309324;31000.0;3.00E-05;0.845;1.55224202572534;1.18;0.912420468737377;0.137707193567346;0.915722858574953;0.136601859098765;0.001651194918788;-0.00055266723429;2.84029208143088E-06
315;52.467055;7.826710;52.345478;8.305666;4;380;;-67.6;35190.3655601948;31000.0;3.00E-05;0.845;0.947228958912493;1.18;0.915722858574953;0.136601859098765;0.913600939630256;0.144961218270947;-0.001060959472349;0.004179679586091;7.62730741939726E-06
316;52.345478;8.305666;52.526775;8.477922;4;380;;30.0;23297.0516311385;31000.0;3.00E-05;0.877;1.4307962166672;1.14;0.913600939630256;0.144961218270947;0.916765169204245;0.147967652627263;0.001582114786994;0.001503217178158;3.34292196567047E-06
317;52.526775;8.477922;52.563990;8.895697;4;380;;81.5;28551.9076181313;31000.0;3.00E-05;0.877;1.16746431724112;1.14;0.916765169204245;0.147967652627263;0.917414693485374;0.155259201909782;0.000324762140565;0.00364577464126;5.02104751448671E-06
318;52.475320;7.309452;51.969843;7.545598;4;380;;-16.1;58462.8684078186;70000.0;3.00E-05;2.034;0.570162467924264;0.49;0.915867110037631;0.127574003916485;0.907044872094527;0.131695529131899;-0.004411118971552;0.002060762607707;2.10514488068785E-05
319;51.969843;7.545598;51.684492;7.991303;4;380;;-44.2;44101.5302531408;57000.0;3.00E-05;1.656;0.755831671644986;0.60;0.907044872094527;0.131695529131899;0.902064557620669;0.1394745488745;-0.002490157236929;0.003889509871301;1.19792707966379E-05
320;52.475320;7.309452;51.750341;7.826351;4;380;;-23.9;88002.1428260173;104000.0;3.00E-05;2.891;0.378778655415633;0.35;0.915867110037631;0.127574003916485;0.903213839479815;0.136595593366751;-0.006326635278908;0.004510794725133;4.76984633170715E-05
321;51.684492;7.991303;51.750341;7.826351;4;380;;-57.1;13518.2039442892;15000.0;3.00E-05;0.405;2.46581080376547;2.47;0.902064557620669;0.1394745488745;0.903213839479815;0.136595593366751;0.000574640929573;-0.001439477753875;1.12554438038779E-06
322;51.750341;7.826351;51.677840;7.707909;4;380;;45.4;11470.7410571253;12000.0;3.00E-05;0.339;2.90594419029516;2.95;0.903213839479815;0.136595593366751;0.901948458318826;0.134528390494104;-0.000632690580494;-0.001033601436324;8.10415303102615E-07
323;51.677840;7.707909;51.750341;7.826351;4;380;;45.3;11470.7410571253;12000.0;3.00E-05;0.363;2.90594419029516;2.75;0.901948458318826;0.134528390494104;0.903213839479815;0.136595593366751;0.000632690580494;0.001033601436324;8.10415303102615E-07
324;51.684492;7.991303;51.750341;7.826351;4;380;;-57.1;13518.2039442892;15000.0;3.00E-05;0.405;2.46581080376547;2.47;0.902064557620669;0.1394745488745;0.903213839479815;0.136595593366751;0.000574640929573;-0.001439477753875;1.12554438038779E-06
325;51.750341;7.826351;51.926925;8.364636;4;380;;61.8;41871.9553866857;44000.0;3.00E-05;1.181;0.796077781070921;0.85;0.903213839479815;0.136595593366751;0.906295811686156;0.145990438930848;0.001540986103171;0.004697422782049;1.0798656342747E-05
328;52.177427;7.011623;52.177706;7.012157;4;380;;49.6;47.83572220023;47.8;3.00E-05;0.005;696.829310819374;200.00;0.910667896368987;0.122375907258562;0.9106727658376;0.122385227316768;2.4347343065001E-06;4.66002910282787E-06;1.40938442791772E-11
329;51.677840;7.707909;51.644098;7.402967;4;380;;80.0;21365.5873477856;24000.0;3.00E-05;0.655;1.56014121169424;1.53;0.901948458318826;0.134528390494104;0.901359549322618;0.129206148566487;-0.000294454498104;-0.002661120963808;2.81160342668611E-06
330;51.644098;7.402967;51.575825;7.352293;8;380;;24.8;8359.24709100461;10000.0;3.00E-05;0.282;3.98759995612563;3.55;0.901359549322618;0.129206148566487;0.900167960682404;0.128321720421331;-0.000595794320107;-0.000442214072578;4.30386917586626E-07
331;51.575825;7.352293;51.460589;7.416752;8;380;;-19.2;13567.6930132422;17000.0;3.00E-05;0.450;2.4568165937127;2.22;0.900167960682404;0.128321720421331;0.898156713065576;0.129446742203874;-0.001005623808414;0.000562510891272;1.13380051902097E-06
332;51.460589;7.416752;51.456996;7.417101;8;380;;-3.5;400.254401723817;400.3;3.00E-05;0.012;83.2803666612366;83.28;0.898156713065576;0.129446742203874;0.898094003385552;0.129452833402964;-3.13548400120989E-05;3.0455995447265E-06;9.86727044756309E-10
333;51.460589;7.416752;51.446583;7.313114;8;380;;77.8;7348.11137731398;9000.0;3.00E-05;0.252;4.53631302272367;3.97;0.898156713065576;0.129446742203874;0.897912262250542;0.127637917873693;-0.000122225407517;-0.000904412165091;3.32564747418118E-07
334;51.575825;7.352293;51.552239;7.134983;4;380;;80.2;15248.3843082058;18000.0;3.00E-05;0.497;2.1860239524128;2.01;0.900167960682404;0.128321720421331;0.899756307325029;0.124528945423823;-0.000205826678688;-0.001896387498754;1.43209638770224E-06
335;51.552239;7.134983;51.525619;7.124137;4;380;;14.2;3053.57799244976;5000.0;3.00E-05;0.134;10.9161558721451;7.46;0.899756307325029;0.124528945423823;0.899291700678148;0.124339647013151;-0.00023230332344;-9.46492053356535E-05;5.74305299809927E-08
336;51.525619;7.124137;51.447875;7.124836;4;380;;-0.3;8644.87386177328;11000.0;3.00E-05;0.334;3.85584958974703;2.99;0.899291700678148;0.124339647013151;0.897934811904478;0.124351846864623;-0.000678444386835;6.09992573571971E-06;4.60301143210891E-07
337;51.552239;7.134983;51.694849;7.055346;4;380;;-19.1;16783.4319497819;18000.0;3.00E-05;0.520;1.9860856488155;1.92;0.899756307325029;0.124528945423823;0.902245321371298;0.123139017567412;0.001244507023135;-0.000694963928205;1.73494651696301E-06
338;51.694849;7.055346;51.552239;7.134983;4;380;;-19.2;16783.4319497819;18000.0;3.00E-05;0.504;1.9860856488155;1.98;0.902245321371298;0.123139017567412;0.899756307325029;0.124528945423823;-0.001244507023135;0.000694963928205;1.73494651696301E-06
339;51.552239;7.134983;51.575825;7.352293;4;380;;80.0;15248.3843082058;18000.0;3.00E-05;0.504;2.1860239524128;1.98;0.899756307325029;0.124528945423823;0.900167960682404;0.128321720421331;0.000205826678688;0.001896387498754;1.43209638770224E-06
340;51.625446;7.022481;51.564818;6.907395;4;380;;49.7;10423.3073915119;10423.3;3.00E-05;0.313;3.19796126903808;3.20;0.901034010510536;0.122565415108744;0.899975852291637;0.120556785485794;-0.000529079109449;-0.001004314811475;6.69168968160582E-07
341;51.564818;6.907395;51.518297;6.991326;4;380;;-48.3;7774.98828552349;7500.0;3.00E-05;0.199;4.2872519043402;5.04;0.899975852291637;0.120556785485794;0.899163907670317;0.122021657780285;-0.00040597231066;0.000732436147246;3.72326743032712E-07
342;51.518297;6.991326;51.499098;6.925830;4;380;;64.8;5010.36584041945;7500.0;3.00E-05;0.199;6.65287414033279;5.04;0.899163907670317;0.122021657780285;0.898828821907227;0.120878536933399;-0.000167542881545;-0.000571560423443;1.54619281807641E-07
343;51.625446;7.022481;51.444344;6.948321;4;380;;14.3;20780.6424831406;20780.6;3.00E-05;1.604;1.60405691789254;0.62;0.901034010510536;0.122565415108744;0.89787318432859;0.121271078935465;-0.001580413090973;-0.000647168086639;2.6597594146789E-06
344;51.444344;6.948321;51.518297;6.991326;4;380;;19.9;8745.84152769443;11000.0;3.00E-05;0.303;3.81133516172007;3.30;0.89787318432859;0.121271078935465;0.899163907670317;0.122021657780285;0.000645361670864;0.00037528942241;4.71116091022422E-07
345;51.518297;6.991326;51.499098;6.925830;4;380;;64.8;5010.36584041945;5000.0;3.00E-05;0.146;6.65287414033279;6.85;0.899163907670317;0.122021657780285;0.898828821907227;0.120878536933399;-0.000167542881545;-0.000571560423443;1.54619281807641E-07
346;51.518297;6.991326;51.514292;6.998690;4;380;;-48.9;676.736638403615;1.0;3.00E-05;0.024;49.2559903538913;41.67;0.899163907670317;0.122021657780285;0.899094007233775;0.122150183826402;-3.4950218271157E-05;6.42630230584321E-05;2.82074727716376E-09
347;51.514292;6.998690;51.447875;7.124836;4;380;;-49.8;11439.0001663643;14000.0;3.00E-05;0.394;2.91400759231982;2.54;0.899094007233775;0.122150183826402;0.897934811904478;0.124351846864623;-0.000579597664648;0.00110083151911;8.05936480527258E-07
348;51.647022;6.680221;51.576354;6.689628;4;380;;-4.7;7884.72465696905;13000.0;3.00E-05;0.348;4.22758368662514;2.87;0.901410582749947;0.116591851210868;0.900177193474148;0.116756034333603;-0.0006166946379;8.2091561367556E-05;3.82910968473249E-07
349;51.576354;6.689628;51.476591;6.614818;4;380;;25.0;12241.0051496729;16000.0;3.00E-05;0.442;2.72308792666622;2.26;0.900177193474148;0.116756034333603;0.89843600065248;0.115450353520186;-0.000870596410834;-0.000652840406708;9.22908883188993E-07
350;51.647022;6.680221;51.526020;6.711024;4;380;;-9.0;13622.0731061303;19000.0;3.00E-05;0.519;2.4470088417256;1.93;0.901410582749947;0.116591851210868;0.899298699448449;0.11712946498036;-0.001055941650749;0.000268806884746;1.1429074047229E-06
351;51.526020;6.711024;51.476591;6.614818;4;380;;50.5;8634.47623392703;9000.0;3.00E-05;0.271;3.86049280005639;3.69;0.899298699448449;0.11712946498036;0.89843600065248;0.115450353520186;-0.000431349397984;-0.000839555730087;4.59194554237528E-07
352;51.476591;6.614818;51.343340;6.720725;4;380;;-26.4;16537.6370558156;28000.0;3.00E-05;0.632;2.01560435876245;1.58;0.89843600065248;0.115450353520186;0.896110331970905;0.117298779371096;-0.001162834340787;0.000924212925455;1.68450175392724E-06
353;51.476591;6.614818;51.343340;6.720725;4;380;;-26.4;16537.6370558156;28000.0;3.00E-05;0.632;2.01560435876245;1.58;0.89843600065248;0.115450353520186;0.896110331970905;0.117298779371096;-0.001162834340787;0.000924212925455;1.68450175392724E-06
354;51.343340;6.720725;51.258848;6.622661;4;380;;36.0;11608.0771916006;15000.0;3.00E-05;0.451;2.87156372094535;2.22;0.896110331970905;0.117298779371096;0.89463566837931;0.11558723969342;-0.000737331795797;-0.000855769838838;8.29937241923623E-07
355;51.343340;6.720725;51.325649;6.792121;4;380;;-68.4;5335.83966763753;7500.0;3.00E-05;0.203;6.24706426909784;4.93;0.896110331970905;0.117298779371096;0.895801565772935;0.11854487464385;-0.000154383098985;0.000623047636377;1.75359910762079E-07
356;51.325649;6.792121;51.374438;6.868507;4;380;;44.3;7587.6912468403;7500.0;3.00E-05;0.203;4.39307982480364;4.93;0.895801565772935;0.11854487464385;0.896653094461691;0.119878061846278;0.000425764344378;0.000666593601214;3.54604341364818E-07
357;50.871952;6.456534;50.867194;6.648215;8;380;;-87.8;13461.3746484461;16000.0;3.00E-05;0.434;2.47622060925115;2.30;0.887883059316514;0.11268777656696;0.887800016550704;0.116033241130475;-4.15213829049743E-05;0.001672732281758;1.11610090373869E-06
358;50.867194;6.648215;50.952257;6.596307;8;380;;-21.0;10134.6012079248;11000.0;3.00E-05;0.287;3.2890621593742;3.48;0.887800016550704;0.116033241130475;0.889284645972328;0.11512727562235;0.000742314710812;-0.000452982754063;6.3261288751655E-07
359;50.952257;6.596307;51.008311;6.703235;8;380;;50.2;9740.89526394767;13000.0;3.00E-05;0.359;3.42199894671944;2.79;0.889284645972328;0.11512727562235;0.890262972831241;0.116993521284922;0.000489163429456;0.000933122831286;5.84416489782877E-07
360;51.008311;6.703235;51.034396;6.620580;12;380;;-63.3;6468.11458100641;6468.1;3.00E-05;0.194;5.15348528784825;5.15;0.890262972831241;0.116993521284922;0.890718241966624;0.115550919391686;0.000227634567691;-0.000721300946618;2.57679678908438E-07
361;51.008311;6.703235;51.090456;6.709595;4;380;;2.8;9144.92031812611;9144.9;3.00E-05;0.274;3.64501080094306;3.65;0.890262972831241;0.116993521284922;0.891696673545292;0.117104524225349;0.000716850357025;5.55014702134163E-05;5.15091727874041E-07
362;51.008311;6.703235;51.258848;6.622661;4;380;;-11.4;28420.0731496223;31000.0;3.00E-05;0.828;1.17287992743173;1.21;0.890262972831241;0.116993521284922;0.89463566837931;0.11558723969342;0.002186347774035;-0.000703140795751;4.97478666077158E-06
363;51.008311;6.703235;51.071017;6.965236;8;380;;69.1;19600.5420538663;22000.0;3.00E-05;0.628;1.70063323971993;1.59;0.890262972831241;0.116993521284922;0.891357398991997;0.12156630137844;0.000547213080378;0.002286390046759;2.36624996130344E-06
364;51.008311;6.703235;50.967625;6.808732;4;380;;-58.5;8659.97539132781;8660.0;3.00E-05;0.260;3.84912564147857;3.85;0.890262972831241;0.116993521284922;0.889552868171775;0.118834791285899;-0.000355052329733;0.000920635000488;4.61910726380761E-07
365;51.008311;6.703235;50.796211;6.972407;4;380;;-38.8;30207.7847845484;34000.0;3.00E-05;1.001;1.10346831358464;1.00;0.890262972831241;0.116993521284922;0.886561129487761;0.1216914589391;-0.00185092167174;0.002348968827089;5.62032903944443E-06
366;50.967625;6.808732;50.863679;6.843330;4;380;;-11.9;11810.0151046124;11810.0;3.00E-05;0.354;2.82246322617445;2.82;0.889552868171775;0.118834791285899;0.887738668227497;0.119438640300504;-0.000907099972139;0.000301924507303;8.59064119533768E-07
367;50.863679;6.843330;50.796211;6.972407;4;380;;-50.4;11767.1163399749;13000.0;3.00E-05;0.348;2.83275293370682;2.87;0.887738668227497;0.119438640300504;0.886561129487761;0.1216914589391;-0.000588769369868;0.001126409319298;8.52834517530668E-07
368;50.867194;6.648215;50.796211;6.972407;8;380;;-71.0;24097.5251947618;29000.0;3.00E-05;0.789;1.38326791087158;1.27;0.887800016550704;0.116033241130475;0.886561129487761;0.1216914589391;-0.000619443531472;0.002829108904313;3.57659007266244E-06
369;50.796211;6.972407;50.767149;7.862780;8;380;;-87.4;62681.5396216098;68000.0;3.00E-05;1.860;0.531788681875987;0.54;0.886561129487761;0.1216914589391;0.886053901900547;0.13723139935996;-0.000253613793607;0.00776997021043;2.41991775470755E-05
370;50.767149;7.862780;51.232686;7.233461;4;380;;-40.1;67962.7332313738;74000.0;3.00E-05;2.009;0.490464873151182;0.50;0.886053901900547;0.13723139935996;0.894179055340404;0.126247710764602;0.004062576719928;-0.005491844297679;2.84486952419474E-05
371;50.767149;7.862780;51.171958;7.122040;4;380;;-48.8;68676.388158952;84000.0;3.00E-05;2.294;0.485368177140928;0.44;0.886053901900547;0.13723139935996;0.893119151792252;0.124303047458737;0.003532624945853;-0.006464175950611;2.90492876032835E-05
372;51.232686;7.233461;51.071017;6.965236;4;380;;46.2;25945.2778674327;28000.0;3.00E-05;0.772;1.28475530320584;1.30;0.894179055340404;0.126247710764602;0.891357398991997;0.12156630137844;-0.001410828174203;-0.002340704693081;4.14611029258173E-06
373;51.171958;7.122040;51.071017;6.965236;4;380;;44.3;15676.4456828402;17000.0;3.00E-05;0.460;2.12633233372669;2.17;0.893119151792252;0.124303047458737;0.891357398991997;0.12156630137844;-0.000880876400128;-0.001368373040149;1.513630197265E-06
374;50.767149;7.862780;50.590726;8.480881;4;380;;-66.0;47765.7282514578;55000.0;3.00E-05;1.540;0.69785041605256;0.65;0.886053901900547;0.13723139935996;0.882974739674301;0.148019296919829;-0.001539581113123;0.005393948779935;1.40525639786002E-05
375;50.767149;7.862780;50.599809;8.465825;4;380;;-66.6;46382.4652449083;39000.0;3.00E-05;1.066;0.718662390136594;0.94;0.886053901900547;0.13723139935996;0.883133267930259;0.147756520147649;-0.001460316985144;0.005262560393845;1.32504472023302E-05
376;50.599809;8.465825;50.758450;8.284522;4;380;;-35.8;21779.8663795167;39000.0;3.00E-05;1.066;1.53046546532913;0.94;0.883133267930259;0.147756520147649;0.885902075708916;0.144592185853906;0.001384403889328;-0.001582167146872;2.92169446342534E-06
377;50.758450;8.284522;50.590726;8.480881;4;380;;-36.6;23222.426485394;39000.0;3.00E-05;1.066;1.4353940728071;0.94;0.885902075708916;0.144592185853906;0.882974739674301;0.148019296919829;-0.001463668017308;0.001713555532962;3.32154018551101E-06
378;50.767149;7.862780;50.402642;8.069312;8;380;;-19.9;43074.3962264133;47000.0;3.00E-05;1.264;0.7738549173881;0.79;0.886053901900547;0.13723139935996;0.87969205460398;0.140836062770689;-0.003180923648283;0.001802331705364;1.14277713280619E-05
379;50.796211;6.972407;50.642756;7.136540;4;380;;-34.2;20607.6419592792;35000.0;3.00E-05;0.990;1.61752292665023;1.01;0.886561129487761;0.1216914589391;0.883882834484113;0.124556120200276;-0.001339147501824;0.001432330630588;2.615658369912E-06
380;50.642756;7.136540;50.401404;7.449053;4;380;;-39.6;34761.1840794068;43000.0;3.00E-05;1.246;0.958923989965021;0.80;0.883882834484113;0.124556120200276;0.87967044742784;0.130010501005561;-0.002106193528137;0.002727190402643;7.44239719285397E-06
381;50.796211;6.972407;50.401404;7.449053;4;380;;-37.6;55308.320156462;63000.0;3.00E-05;1.827;0.60268207819432;0.55;0.886561129487761;0.1216914589391;0.87967044742784;0.130010501005561;-0.003445341029961;0.00415952103323;1.88409591186996E-05
382;50.401404;7.449053;50.310362;8.124564;4;380;;-78.3;48981.0101078227;32000.0;3.00E-05;0.870;0.680535849709022;1.15;0.87967044742784;0.130010501005561;0.878081464770239;0.141800392089001;-0.0007944913288;0.00589494554172;1.47767230437469E-05
383;50.310362;8.124564;50.402642;8.069312;4;380;;-20.9;10984.2625256584;32000.0;3.00E-05;0.870;3.03464463412717;1.15;0.878081464770239;0.141800392089001;0.87969205460398;0.140836062770689;0.00080529491687;-0.000482164659156;7.43132917492748E-07
384;50.401404;7.449053;50.310362;8.124564;4;380;;-78.3;48981.0101078227;48981.0;3.00E-05;1.469;0.680535849709022;0.68;0.87967044742784;0.130010501005561;0.878081464770239;0.141800392089001;-0.0007944913288;0.00589494554172;1.47767230437469E-05
385;50.310362;8.124564;49.981823;8.389544;4;380;;-27.4;41122.8984064468;41122.9;3.00E-05;1.234;0.81057840339648;0.81;0.878081464770239;0.141800392089001;0.87234737749903;0.146425165540935;-0.002867043635605;0.002312386725967;1.0415754243793E-05
386;50.401404;7.449053;50.345407;7.501282;4;380;;-30.8;7244.9837374144;8500.0;3.00E-05;0.236;4.60088449352812;4.24;0.87967044742784;0.130010501005561;0.878693115406601;0.130922069020585;-0.00048866601062;0.000455784007512;3.23295441925865E-07
387;50.345407;7.501282;50.385390;7.594190;4;380;;56.0;7949.44996078863;8500.0;3.00E-05;0.236;4.19316223106667;4.24;0.878693115406601;0.130922069020585;0.879390950401426;0.132543619522028;0.000348917497412;0.000810775250721;3.89223364159916E-07
388;50.401404;7.449053;49.922365;7.815792;4;380;;-26.3;59327.8465074897;65000.0;3.00E-05;1.911;0.561849709632142;0.52;0.87967044742784;0.130010501005561;0.871309639632379;0.136411304051033;-0.004180403897731;0.003200401522736;2.16789792248358E-05
389;50.401404;7.449053;49.922776;7.818517;4;380;;-26.5;59372.5543564427;65000.0;3.00E-05;1.907;0.561426633814959;0.52;0.87967044742784;0.130010501005561;0.871316812935605;0.136458864273149;-0.004176817246118;0.003224181633794;2.17116646755186E-05
390;49.922776;7.818517;49.922365;7.815792;4;380;;76.8;200.363731701929;200.4;3.00E-05;0.003;166.364107167467;333.33;0.871316812935605;0.136458864273149;0.871309639632379;0.136411304051033;-3.58665161287464E-06;-2.37801110584135E-05;2.47265213421164E-10
391;49.922776;7.818517;49.633144;8.420328;4;380;;-53.5;53893.4145374294;59000.0;3.00E-05;1.741;0.618504758316678;0.57;0.871316812935605;0.136458864273149;0.866261780916468;0.146962447697869;-0.002527516009568;0.00525179171236;1.78893107887186E-05
392;49.922365;7.815792;49.633144;8.420328;4;380;;-53.7;54023.356489989;59000.0;3.00E-05;1.741;0.61701707370793;0.57;0.871309639632379;0.136411304051033;0.866261780916468;0.146962447697869;-0.002523929357955;0.005275571823418;1.79756797978515E-05
393;50.871952;6.456534;50.828969;6.299594;4;380;;66.6;12009.6069467172;12009.6;3.00E-05;0.360;2.77555572644655;2.78;0.887883059316514;0.11268777656696;0.88713286444413;0.10994865683888;-0.000375097436192;-0.00136955986404;8.88346218101012E-07
394;50.871952;6.456534;50.802084;6.166844;4;380;;69.2;21775.8323116559;21775.8;3.00E-05;0.653;1.53074899072818;1.53;0.887883059316514;0.11268777656696;0.886663632674731;0.107631732256857;-0.000609713320892;-0.002528022155051;2.92061225194393E-06
395;50.871952;6.456534;50.392235;6.532951;8;380;;-5.8;53613.6891753044;61000.0;3.00E-05;1.785;0.621731760042496;0.56;0.887883059316514;0.11268777656696;0.879510418188725;0.114021504821456;-0.004186320563895;0.000666864127248;1.77040904592111E-05
396;50.392235;6.532951;50.390377;6.532239;8;380;;13.7;212.676558549877;212.7;3.00E-05;0.006;156.732521725078;156.73;0.879510418188725;0.114021504821456;0.879477989971223;0.114009078077182;-1.62141087510226E-05;-6.21337213709688E-06;2.78589052761139E-10
397;50.392235;6.532951;49.922031;6.476454;8;380;;4.4;52438.9858910485;58000.0;3.00E-05;1.717;0.635659381411177;0.58;0.879510418188725;0.114021504821456;0.871303810232677;0.113035446153957;-0.004103303978024;-0.00049302933375;1.69367826923332E-05
398;49.922031;6.476454;49.724364;6.813781;4;380;;-47.9;32690.7377611243;46000.0;3.00E-05;1.356;1.01965680850963;0.74;0.871303810232677;0.113035446153957;0.867853870260138;0.118922912959832;-0.00172496998627;0.002943733402937;6.58223357153413E-06
399;49.724364;6.813781;49.374038;6.993955;4;380;;-18.5;41065.8305595573;49000.0;3.00E-05;1.449;0.811704837796727;0.69;0.867853870260138;0.118922912959832;0.861739528104796;0.12206754248632;-0.003057171077671;0.001572314763244;1.03868657074489E-05
400;49.922031;6.476454;49.374038;6.993955;4;380;;-31.6;71421.8474215321;95000.0;3.00E-05;2.802;0.466710600981795;0.36;0.871303810232677;0.113035446153957;0.861739528104796;0.12206754248632;-0.004782141063941;0.004516048166182;3.14182802600968E-05
401;49.374038;6.993955;49.369515;7.235597;8;380;;-88.4;17503.1566105939;20000.0;3.00E-05;0.598;1.90441839006104;1.67;0.861739528104796;0.12206754248632;0.861660586862728;0.126284990997424;-3.94706210338769E-05;0.002108724255552;1.88693648855283E-06
402;49.374038;6.993955;49.291855;6.773681;8;380;;60.3;18392.2496574028;24000.0;3.00E-05;0.640;1.81235759378227;1.56;0.861739528104796;0.12206754248632;0.86030516416563;0.118223035929782;-0.000717181969583;-0.001922253278269;2.08350335328093E-06
403;51.154687;4.246158;51.114705;3.604706;3;380;;84.6;44976.71985099;48400.0;3.00E-05;1.580;0.74112415142252;0.63;0.892817715977141;0.074109437659897;0.892119898435608;0.062913988266395;-0.000348908770766;-0.005597724696751;1.24594408651606E-05
404;51.154687;4.246158;51.132791;3.780371;3;380;;85.9;32584.4395218866;34200.0;3.00E-05;1.070;1.02298317302477;0.93;0.892817715977141;0.074109437659897;0.892435558684124;0.065979920896911;-0.000191078646508;-0.004064758381493;6.53949726067277E-06
405;51.132791;3.780371;51.131587;3.777975;3;380;;51.3;214.184740900627;200.0;3.00E-05;0.010;155.628889309153;100.00;0.892435558684124;0.065979920896911;0.89241454491993;0.065938102808033;-1.05068820969723E-05;-2.09090444388896E-05;2.82554255840475E-10
406;51.132791;3.780371;51.114705;3.604706;3;380;;80.8;12423.5849919113;14200.0;3.00E-05;0.440;2.68306880461928;2.27;0.892435558684124;0.065979920896911;0.892119898435608;0.062913988266395;-0.000157830124258;-0.001532966315258;9.50645357653982E-07
407;51.154687;4.246158;51.022659;4.230605;6;380;;4.2;14720.9769890226;15500.0;3.00E-05;0.590;2.26434246573375;1.69;0.892817715977141;0.074109437659897;0.890513392672317;0.073837986601335;-0.001152161652412;-0.000135725529281;1.334743679398E-06
408;51.022659;4.230605;51.020648;4.399143;6;380;;-89.0;11790.4362842412;10850.0;3.00E-05;0.330;2.8271501180907;3.03;0.890513392672317;0.073837986601335;0.89047829410106;0.076779529616061;-1.7549285628804E-05;0.001470771507363;8.56218142562515E-07
409;51.020648;4.399143;50.943336;4.420050;6;380;;-9.7;8720.3989625049;10850.0;3.00E-05;0.330;3.82245508223382;3.03;0.89047829410106;0.076779529616061;0.889128945149758;0.077144425602775;-0.000674674475651;0.000182447993357;4.68379026760619E-07
410;51.022659;4.230605;50.881262;4.231021;6;380;;-0.1;15722.656047626;15900.0;3.00E-05;0.610;2.12008284302361;1.64;0.890513392672317;0.073837986601335;0.888045549469875;0.073845247171023;-0.001233921601221;3.63028484415273E-06;1.52256697547179E-06
411;50.881262;4.231021;50.756763;4.220554;3;380;;3.0;13863.1712282429;14000.0;3.00E-05;0.450;2.40445225587524;2.22;0.888045549469875;0.073845247171023;0.885872632004435;0.073662563558217;-0.00108645873272;-9.13418064031266E-05;1.18372222528004E-06
412;50.756763;4.220554;50.803223;4.300958;3;380;;47.5;7658.0770702518;10300.0;3.00E-05;0.320;4.35270277741372;3.13;0.885872632004435;0.073662563558217;0.886683511974911;0.07506587808999;0.000405439985238;0.000701657265887;3.61213698297136E-07
413;50.756763;4.220554;50.494694;4.347570;3;380;;-17.1;30487.0303037733;33400.0;3.00E-05;1.030;1.09336111130535;0.97;0.885872632004435;0.073662563558217;0.881298665087026;0.07587941096093;-0.002286983458704;0.001108423701357;5.72471953564723E-06
414;50.881262;4.231021;50.683396;4.176661;3;380;;9.9;22331.1560186585;23650.0;3.00E-05;0.735;1.49268283762301;1.36;0.888045549469875;0.073845247171023;0.884592136292124;0.072896486189639;-0.001726706588876;-0.000474380490692;3.07147344914938E-06
415;50.683396;4.176661;50.494694;4.347570;3;380;;-30.0;24204.2576607449;23650.0;3.00E-05;0.735;1.37716817431646;1.36;0.884592136292124;0.072896486189639;0.881298665087026;0.07587941096093;-0.001646735602549;0.001491462385646;3.60834297760038E-06
416;50.494694;4.347570;50.483685;4.331831;6;380;;42.3;1654.78371483084;1700.0;3.00E-05;0.050;20.1436193954451;20.00;0.881298665087026;0.07587941096093;0.881106521789673;0.075604713589959;-9.60716486760882E-05;-0.000137348685486;1.68658126803509E-08
417;50.494694;4.347570;50.494603;4.526517;3;380;;90.0;12658.1184871563;12600.0;3.00E-05;0.390;2.63335608425181;2.56;0.881298665087026;0.07587941096093;0.881297076837406;0.079002625297496;-7.94124809744279E-07;0.001561607168283;9.86876866726008E-07
418;50.494603;4.526517;50.436671;4.567225;3;380;;-24.1;7056.77374890539;7500.0;3.00E-05;0.230;4.72359388573338;4.35;0.881297076837406;0.079002625297496;0.880285972695141;0.079713113929398;-0.000505552071133;0.000355244315951;3.06716500966003E-07
419;50.494603;4.526517;50.512456;5.285680;3;380;;87.6;53727.0299109665;56400.0;3.00E-05;1.750;0.620420175628013;0.57;0.881297076837406;0.079002625297496;0.881608670468765;0.092252519206814;0.000155796815679;0.006624946954659;1.77790229535059E-05
420;50.494694;4.347570;50.488676;4.903347;3;380;;-89.2;39321.8910544508;44100.0;3.00E-05;1.370;0.847704228852451;0.73;0.881298665087026;0.07587941096093;0.881193631172641;0.085579549517786;-5.25169571925499E-05;0.004850069278428;9.52340406072458E-06
421;50.488676;4.903347;50.512456;5.285680;3;380;;84.3;27170.5226532863;32200.0;3.00E-05;1.000;1.22681973249792;1.00;0.881193631172641;0.085579549517786;0.881608670468765;0.092252519206814;0.000207519648062;0.003336484844514;4.54694944420977E-06
422;50.512456;5.285680;50.533413;5.270976;12;380;;-24.0;2551.64501884324;2900.0;3.00E-05;0.090;13.0634681106405;11.11;0.881608670468765;0.092252519206814;0.881974439120105;0.091995885993601;0.00018288432567;-0.000128316606607;4.0101932751477E-08
423;50.512456;5.285680;50.260192;5.054839;3;380;;30.4;32475.8962714468;36900.0;3.00E-05;1.140;1.02640226014764;0.88;0.881608670468765;0.092252519206814;0.877205833084514;0.088223583708218;-0.002201418692125;-0.002014467749298;6.49600199031099E-06
424;50.260192;5.054839;49.827413;4.572805;3;380;;35.8;59166.1754599806;63000.0;3.00E-05;1.560;0.563384958959864;0.64;0.877205833084514;0.088223583708218;0.869652414601025;0.079810503301659;-0.003776709241744;-0.004206540203279;2.15609886731489E-05
425;50.512456;5.285680;50.375449;5.842321;6;380;;-69.1;42258.6348902388;44300.0;3.00E-05;1.370;0.788793424584401;0.73;0.881608670468765;0.092252519206814;0.879217447220485;0.101967737408408;-0.00119561162414;0.004857609100797;1.09990235898398E-05
426;50.375449;5.842321;49.567302;5.794411;3;380;;2.2;89927.1403792106;104400.0;3.00E-05;3.550;0.370670447128321;0.28;0.879217447220485;0.101967737408408;0.86511262123037;0.101131550163777;-0.007052412995057;-0.000418093622315;4.98080058867745E-05
427;50.512456;5.285680;50.539835;5.470259;3;380;;76.8;13398.2597970418;14600.0;3.00E-05;0.450;2.48788528049688;2.22;0.881608670468765;0.092252519206814;0.882086524164668;0.095474030486853;0.000238926847952;0.001610755640019;1.1056595661242E-06
428;50.512456;5.285680;50.803410;5.557192;3;380;;30.5;37589.9328978942;26700.0;3.00E-05;1.520;0.886762246260903;0.66;0.881608670468765;0.092252519206814;0.886686775740612;0.096991297565489;0.002539052635924;0.002369389179337;8.70295302785086E-06
429;50.803410;5.557192;50.754774;5.667076;3;380;;-55.1;9430.65680835769;26700.0;3.00E-05;1.520;3.53457177063134;0.66;0.886686775740612;0.096991297565489;0.885837917405612;0.09890913516075;-0.0004244291675;0.000958918797631;5.47783063649016E-07
430;50.754774;5.667076;50.803410;5.557192;3;380;;-55.0;9430.65680835769;26500.0;3.00E-05;1.035;3.53457177063134;0.97;0.885837917405612;0.09890913516075;0.886686775740612;0.096991297565489;0.0004244291675;-0.000958918797631;5.47783063649016E-07
431;50.803410;5.557192;51.121040;5.774052;3;380;;23.2;38445.8187250337;26500.0;3.00E-05;1.035;0.867021029562016;0.97;0.886686775740612;0.096991297565489;0.892230465043722;0.100776218581364;0.002771844651555;0.001892460507937;9.10377904091203E-06
432;50.512456;5.285680;50.803410;5.557192;3;380;;30.5;37589.9328978942;27800.0;3.00E-05;0.925;0.886762246260903;1.08;0.881608670468765;0.092252519206814;0.886686775740612;0.096991297565489;0.002539052635924;0.002369389179337;8.70295302785086E-06
433;50.803410;5.557192;50.907768;5.543907;3;380;;-4.6;11641.4905518756;27800.0;3.00E-05;0.925;2.86332177007719;1.08;0.886686775740612;0.096991297565489;0.888508166441409;0.096759430574361;0.000910695350398;-0.000115933495564;8.34721995699783E-07
434;50.907768;5.543907;50.938803;5.486855;3;380;;-49.2;5282.0882957926;6300.0;3.00E-05;0.210;6.31063539015141;4.76;0.888508166441409;0.096759430574361;0.889049829374765;0.095763685329514;0.000270831466678;-0.000497872622424;1.71844678093898E-07
435;50.907768;5.543907;51.121040;5.774052;3;380;;34.1;28663.483477554;31100.0;3.00E-05;0.720;1.16291983001425;1.39;0.888508166441409;0.096759430574361;0.892230465043722;0.100776218581364;0.001861149301157;0.002008394003501;5.06036687543476E-06
436;51.955790;4.021997;51.440842;0.715320;1;450;;77.2;234952.52040001;247140.0;1.19E-05;2.793;0.358019768911659;0.36;0.906799600974745;0.070197090155334;0.897812062898185;0.012484689205366;-0.00449376903828;-0.028856200474984;0.000339966241224
437;53.424940;6.874347;58.282761;6.866468;2;450;;0.0;540165.272586934;575450.0;1.19E-05;6.422;0.155725758999595;0.16;0.932441105680419;0.119979989074595;1.01722607660294;0.11984247458283;0.042392485461262;-6.87572458823102E-05;0.001796048012355
